Workbook

Sheet Accuracy
A1: Description | B1: Actual (tiktoken-go o200k_base) | C1: GPT-Tokenizer | D1: GPT-Tokenizer Deviation | E1: UltraFast | F1: UltraFast Deviation | G1: Fast | H1: Fast Deviation | I1: TokenX | J1: TokenX Deviation | K1: NewAPI | L1: NewAPI Deviation | M1: Weighted | N1: Weighted Deviation | O1: tiktoken-go Avg Time | P1: GPT-Tokenizer Avg Time | Q1: UltraFast Avg Time | R1: Fast Avg Time | S1: TokenX Avg Time | T1: NewAPI Avg Time | U1: Weighted Avg Time
A2: Short English text | B2: 10 | C2: 10 | D2: 0 | E2: 10 | F2: 0 | G2: 10 | H2: 0 | I2: 11 | J2: 0.1 | K2: 11 | L2: 0.1 | M2: 11 | N2: 0.1 | O2: 18.75us | P2: 3.46us | Q2: 35ns | R2: 101ns | S2: 1.97us | T2: 581ns | U2: 1.69us
A3: German text with umlauts | B3: 48 | C3: 48 | D3: 0 | E3: 41 | F3: -0.1458 | G3: 42 | H3: -0.125 | I3: 49 | J3: 0.0208 | K3: 29 | L3: -0.3958 | M3: 47 | N3: -0.0208 | O3: 44.80us | P3: 7.49us | Q3: 36ns | R3: 426ns | S3: 4.17us | T3: 2.04us | U3: 3.94us
A4: Metamorphosis by Franz Kafka (English) | B4: 31795 | C4: 31796 | D4: 0 | E4: 35521 | F4: 0.1172 | G4: 35649 | H4: 0.1212 | I4: 35708 | J4: 0.1231 | K4: 39629 | L4: 0.2464 | M4: 33772 | N4: 0.0622 | O4: 47.45ms | P4: 15.50ms | Q4: 40ns | R4: 2.63us | S4: 7.39ms | T4: 2.21ms | U4: 7.01ms
A5: Die Verwandlung by Franz Kafka (German) | B5: 35308 | C5: 35309 | D5: 0 | E5: 36513 | F5: 0.0341 | G5: 36634 | H5: 0.0376 | I5: 35072 | J5: -0.0067 | K5: 35411 | L5: 0.0029 | M5: 33122 | N5: -0.0619 | O5: 53.52ms | P5: 19.24ms | Q5: 41ns | R5: 1.78us | S5: 7.12ms | T5: 2.16ms | U5: 7.32ms
A6: 道德經 by Laozi (Chinese) | B6: 11711 | C6: 11712 | D6: 0.0001 | E6: 10392 | F6: -0.1126 | G6: 10919 | H6: -0.0676 | I6: 12062 | J6: 0.03 | K6: 10888 | L6: -0.0703 | M6: 11626 | N6: -0.0073 | O6: 17.26ms | P6: 3.64ms | Q6: 99ns | R6: 4.08us | S6: 1.35ms | T6: 506.41us | U6: 1.25ms
A7: TypeScript ES5 Type Declarations (~ 4000 loc) | B7: 49293 | C7: 49293 | D7: 0 | E7: 54610 | F7: 0.1079 | G7: 57198 | H7: 0.1604 | I7: 52340 | J7: 0.0618 | K7: 63546 | L7: 0.2891 | M7: 49315 | N7: 0.0004 | O7: 84.07ms | P7: 10.51ms | Q7: 64ns | R7: 1.98us | S7: 9.42ms | T7: 2.89ms | U7: 9.11ms
A8: Dataset: adversary tokenx 01 alnum run | B8: 1375 | C8: 1375 | D8: 0 | E8: 500 | F8: -0.6364 | G8: 500 | H8: -0.6364 | I8: 334 | J8: -0.7571 | K8: 723 | L8: -0.4742 | M8: 343 | N8: -0.7505 | O8: 1.39ms | P8: 264.95us | Q8: 34ns | R8: 1.64us | S8: 106.09us | T8: 32.24us | U8: 141.82us
A9: Dataset: adversary tokenx 02 alnum run | B9: 1353 | C9: 1353 | D9: 0 | E9: 500 | F9: -0.6305 | G9: 500 | H9: -0.6305 | I9: 334 | J9: -0.7531 | K9: 719 | L9: -0.4686 | M9: 343 | N9: -0.7465 | O9: 1.50ms | P9: 273.26us | Q9: 34ns | R9: 1.63us | S9: 95.56us | T9: 28.15us | U9: 97.95us
A10: Dataset: adversary tokenx 03 alnum run | B10: 1346 | C10: 1346 | D10: 0 | E10: 500 | F10: -0.6285 | G10: 500 | H10: -0.6285 | I10: 334 | J10: -0.7519 | K10: 659 | L10: -0.5104 | M10: 340 | N10: -0.7474 | O10: 1.33ms | P10: 271.16us | Q10: 34ns | R10: 1.68us | S10: 92.41us | T10: 28.12us | U10: 99.68us
A11: Dataset: adversary tokenx 04 alnum run | B11: 1344 | C11: 1344 | D11: 0 | E11: 500 | F11: -0.628 | G11: 500 | H11: -0.628 | I11: 334 | J11: -0.7515 | K11: 635 | L11: -0.5275 | M11: 340 | N11: -0.747 | O11: 1.32ms | P11: 268.13us | Q11: 34ns | R11: 1.84us | S11: 95.43us | T11: 31.82us | U11: 102.63us
A12: Dataset: adversary tokenx 05 alnum run | B12: 34650 | C12: 34650 | D12: 0 | E12: 12500 | F12: -0.6392 | G12: 12500 | H12: -0.6392 | I12: 8334 | J12: -0.7595 | K12: 17733 | L12: -0.4882 | M12: 8503 | N12: -0.7546 | O12: 34.54ms | P12: 8.01ms | Q12: 41ns | R12: 1.42us | S12: 2.45ms | T12: 705.24us | U12: 2.52ms
A13: Dataset: adversary tokenx 05 hex stream | B13: 1139 | C13: 1139 | D13: 0 | E13: 500 | F13: -0.561 | G13: 500 | H13: -0.561 | I13: 334 | J13: -0.7068 | K13: 1247 | L13: 0.0948 | M13: 401 | N13: -0.6479 | O13: 1.44ms | P13: 203.88us | Q13: 34ns | R13: 1.30us | S13: 93.46us | T13: 28.62us | U13: 98.09us
... A39: Mixed (EN+CJK+Code) | B39: 34600 | C39: 34602 | D39: 0.0001 | E39: 35512 | F39: 0.0264 | G39: 36673 | H39: 0.0599 | I39: 36678 | J39: 0.0601 | K39: 40741 | L39: 0.1775 | M39: 34725 | N39: 0.0036 | O39: 54.28ms | P39: 16.08ms | Q39: 85ns | R39: 5.64us | S39: 6.58ms | T39: 2.07ms | U39: 5.88ms

Sheet Summary
A1: Algorithm | B1: Max overestimation | C1: Over sample | D1: Max underestimation | E1: Under sample
A2: GPT-Tokenizer Deviation | B2: =MAX(Accuracy!$D$2:$D$39) -> 0 | C2: =INDEX(Accuracy!$A$2:$A$39,MATCH(MAX(Accuracy!$D$2:$D$39),Accuracy!$D$2:$D$39,0)) -> 0 | D2: =MIN(Accuracy!$D$2:$D$39) -> 0 | E2: =INDEX(Accuracy!$A$2:$A$39,MATCH(MIN(Accuracy!$D$2:$D$39),Accuracy!$D$2:$D$39,0)) -> 0
A3: UltraFast Deviation | B3: =MAX(Accuracy!$F$2:$F$39) -> 0 | C3: =INDEX(Accuracy!$A$2:$A$39,MATCH(MAX(Accuracy!$F$2:$F$39),Accuracy!$F$2:$F$39,0)) -> 0 | D3: =MIN(Accuracy!$F$2:$F$39) -> 0 | E3: =INDEX(Accuracy!$A$2:$A$39,MATCH(MIN(Accuracy!$F$2:$F$39),Accuracy!$F$2:$F$39,0)) -> 0
A4: Fast Deviation | B4: =MAX(Accuracy!$H$2:$H$39) -> 0 | C4: =INDEX(Accuracy!$A$2:$A$39,MATCH(MAX(Accuracy!$H$2:$H$39),Accuracy!$H$2:$H$39,0)) -> 0 | D4: =MIN(Accuracy!$H$2:$H$39) -> 0 | E4: =INDEX(Accuracy!$A$2:$A$39,MATCH(MIN(Accuracy!$H$2:$H$39),Accuracy!$H$2:$H$39,0)) -> 0
A5: TokenX Deviation | B5: =MAX(Accuracy!$J$2:$J$39) -> 0 | C5: =INDEX(Accuracy!$A$2:$A$39,MATCH(MAX(Accuracy!$J$2:$J$39),Accuracy!$J$2:$J$39,0)) -> 0 | D5: =MIN(Accuracy!$J$2:$J$39) -> 0 | E5: =INDEX(Accuracy!$A$2:$A$39,MATCH(MIN(Accuracy!$J$2:$J$39),Accuracy!$J$2:$J$39,0)) -> 0
A6: NewAPI Deviation | B6: =MAX(Accuracy!$L$2:$L$39) -> 0 | C6: =INDEX(Accuracy!$A$2:$A$39,MATCH(MAX(Accuracy!$L$2:$L$39),Accuracy!$L$2:$L$39,0)) -> 0 | D6: =MIN(Accuracy!$L$2:$L$39) -> 0 | E6: =INDEX(Accuracy!$A$2:$A$39,MATCH(MIN(Accuracy!$L$2:$L$39),Accuracy!$L$2:$L$39,0)) -> 0
A7: Weighted Deviation | B7: =MAX(Accuracy!$N$2:$N$39) -> 0 | C7: =INDEX(Accuracy!$A$2:$A$39,MATCH(MAX(Accuracy!$N$2:$N$39),Accuracy!$N$2:$N$39,0)) -> 0 | D7: =MIN(Accuracy!$N$2:$N$39) -> 0 | E7: =INDEX(Accuracy!$A$2:$A$39,MATCH(MIN(Accuracy!$N$2:$N$39),Accuracy!$N$2:$N$39,0)) -> 0

Sheet Charts
